id,symbol,name,image,current_price,market_cap,market_cap_rank,fully_diluted_valuation,total_volume,high_24h,low_24h,price_change_24h,price_change_percentage_24h,market_cap_change_24h,market_cap_change_percentage_24h,circulating_supply,total_supply,max_supply,ath,ath_change_percentage,ath_date,atl,atl_change_percentage,atl_date,roi,last_updated,price,volume_24h,historical_trends,sentiment_score,macroeconomic_indicator
bitcoin,btc,Bitcoin,https://coin-images.coingecko.com/coins/images/1/large/bitcoin.png?1696501400,91340.0,1808713820073.0,1.0,1917411707140.0,33553724907.0,95904.0,91287.0,-2919.2460778198583,-3.09703,-54965008917.16919,-2.94927,19809512.0,21000000.0,21000000.0,108135.0,-15.22396,2024-12-17T15:02:41.429Z,67.81,135091.96673,2013-07-06T00:00:00.000Z,,2025-01-13T11:19:40.707Z,,10000000.0,36669.56239899358,0.5,1.0
ethereum,eth,Ethereum,https://coin-images.coingecko.com/coins/images/279/large/ethereum.png?1696501628,3107.51,374306538342.0,2.0,374306538342.0,18417247035.0,3327.61,3106.8,-142.90399384059037,-4.39649,-16808806172.720093,-4.29766,120493047.5421975,120493047.5421975,,4878.26,-36.05148,2021-11-10T14:24:19.604Z,0.432979,720391.36927,2015-10-20T00:00:00.000Z,"{'times': 44.49281120686498, 'currency': 'btc', 'percentage': 4449.281120686497}",2025-01-13T11:19:38.876Z,,10000000.0,21598.50582024803,0.5,1.0
ripple,xrp,XRP,https://coin-images.coingecko.com/coins/images/44/large/xrp-symbol-white-128.png?1696501442,2.4,138115853288.0,3.0,240198211628.0,5846118740.0,2.56,2.4,-0.0833732059135132,-3.35153,-4668953625.06604,-3.26992,57493120449.0,99986673391.0,100000000000.0,3.4,-28.64572,2018-01-07T00:00:00.000Z,0.00268621,90173.75459,2014-05-22T00:00:00.000Z,,2025-01-13T11:19:36.957Z,,10000000.0,49619.757355547845,0.5,1.0
tether,usdt,Tether,https://coin-images.coingecko.com/coins/images/325/large/Tether.png?1696501661,0.999041,137321790561.0,4.0,137321790561.0,55597165627.0,0.99959,0.999011,-0.0003769635855936,-0.03772,-50275953.27229309,-0.0366,137449718934.4178,137449718934.4178,,1.32,-24.49037,2018-07-24T00:00:00.000Z,0.572521,74.50267,2015-03-02T00:00:00.000Z,,2025-01-13T11:19:37.156Z,,10000000.0,45660.925699517284,0.5,1.0
binancecoin,bnb,BNB,https://coin-images.coingecko.com/coins/images/825/large/bnb-icon2_2x.png?1696501970,664.46,96887321302.0,5.0,96887321302.0,672658915.0,699.77,664.16,-27.10489067487936,-3.91935,-3833844398.9738007,-3.80639,145887575.79,145887575.79,200000000.0,788.84,-15.37615,2024-12-04T10:35:25.220Z,0.0398177,1676415.48368,2017-10-19T00:00:00.000Z,,2025-01-13T11:19:41.384Z,,10000000.0,17344.704395597455,0.5,1.0
solana,sol,Solana,https://coin-images.coingecko.com/coins/images/4128/large/solana.png?1718769756,177.38,85915677160.0,6.0,105020952673.0,3270868342.0,191.66,177.32,-9.172303672162172,-4.91668,-4400226913.18808,-4.87204,484421188.0200593,592143091.2543296,,263.21,-32.25251,2024-11-23T15:05:59.896Z,0.500801,35506.20093,2020-05-11T19:35:23.449Z,,2025-01-13T11:19:36.598Z,,10000000.0,38674.319662415364,0.5,1.0
dogecoin,doge,Dogecoin,https://coin-images.coingecko.com/coins/images/5/large/dogecoin.png?1696501409,0.319165,47056798074.0,7.0,47073215823.0,2182419257.0,0.344811,0.318852,-0.0177008405482235,-5.25457,-2581795201.298752,-5.20119,147552746383.7052,147604226383.7052,,0.731578,-56.20709,2021-05-08T05:08:23.458Z,8.69e-05,368559.98389,2015-05-06T00:00:00.000Z,,2025-01-13T11:19:36.845Z,,10000000.0,28119.54192477394,0.5,1.0
usd-coin,usdc,USDC,https://coin-images.coingecko.com/coins/images/6319/large/usdc.png?1696506694,0.9999,45722081993.0,8.0,45772648332.0,3442557483.0,1.0,0.999686,0.00014779,0.01478,-1585742.45728302,-0.00347,45726643902.15002,45777215285.96377,,1.17,-14.73902,2019-05-08T00:40:28.300Z,0.877647,13.92521,2023-03-11T08:02:13.981Z,,2025-01-13T11:19:37.116Z,,10000000.0,17437.42070536696,0.5,1.0
cardano,ada,Cardano,https://coin-images.coingecko.com/coins/images/975/large/cardano.png?1696502090,0.908608,32563355588.0,9.0,40860178490.0,936077218.0,0.99971,0.908293,-0.0776177686432149,-7.87018,-2711889928.840744,-7.6878,35862569759.2298,45000000000.0,45000000000.0,3.09,-70.3664,2021-09-02T06:00:10.474Z,0.01925275,4651.33619,2020-03-13T02:22:55.044Z,,2025-01-13T11:19:36.440Z,,10000000.0,17639.697853730766,0.5,1.0
staked-ether,steth,Lido Staked Ether,https://coin-images.coingecko.com/coins/images/13442/large/steth_logo.png?1696513206,3105.13,29858704547.0,10.0,29858704547.0,45990430.0,3327.47,3105.07,-142.3215409440627,-4.38256,-1307080882.5876198,-4.19396,9610974.638286902,9610974.638286902,,4829.57,-35.63971,2021-11-10T14:40:47.256Z,482.9,543.68402,2020-12-22T04:08:21.854Z,,2025-01-13T11:19:35.277Z,,10000000.0,42378.511491241006,0.5,1.0
tron,trx,TRON,https://coin-images.coingecko.com/coins/images/1094/large/tron-logo.png?1696502193,0.219699,18926581101.0,11.0,18926719190.0,873227263.0,0.238102,0.219669,-0.0172690180195466,-7.28749,-1463897445.0995443,-7.17932,86173758941.14937,86174387670.78299,,0.431288,-48.77285,2024-12-04T00:10:40.323Z,0.00180434,12144.72776,2017-11-12T00:00:00.000Z,"{'times': 114.63099135606768, 'currency': 'usd', 'percentage': 11463.099135606768}",2025-01-13T11:19:39.570Z,,10000000.0,29739.798989531544,0.5,1.0
avalanche-2,avax,Avalanche,https://coin-images.coingecko.com/coins/images/12559/large/Avalanche_Circle_RedWhite_Trans.png?1696512369,33.84,13897235689.0,12.0,15194149257.0,313793031.0,37.39,33.83,-2.900184758154758,-7.89269,-1173081319.3054142,-7.78405,410795650.9671117,449131796.7578507,720000000.0,144.96,-76.59399,2021-11-21T14:18:56.538Z,2.8,1111.31249,2020-12-31T13:15:21.540Z,,2025-01-13T11:19:41.658Z,,10000000.0,39466.8240400911,0.5,1.0
sui,sui,Sui,https://coin-images.coingecko.com/coins/images/26375/large/sui-ocean-square.png?1727791290,4.41,13266123814.0,13.0,44079807802.0,1438399100.0,4.85,4.4,-0.4339623652826416,-8.95911,-1316275285.8667965,-9.02647,3009569341.533888,10000000000.0,10000000000.0,5.35,-17.28291,2025-01-04T22:56:18.063Z,0.364846,1112.16104,2023-10-19T10:40:30.078Z,,2025-01-13T11:19:42.148Z,,10000000.0,13565.147912617915,0.5,1.0
wrapped-steth,wsteth,Wrapped stETH,https://coin-images.coingecko.com/coins/images/18834/large/wstETH.png?1696518295,3735.53,13157376297.0,14.0,13157376297.0,23608558.0,3954.02,3735.44,-129.0259380198204,-3.3387,-435597294.2741394,-3.20458,3522367.770512309,3522367.770512309,,7256.02,-48.45465,2022-05-13T15:09:54.509Z,558.54,569.62809,2022-05-13T01:36:45.053Z,,2025-01-13T11:19:39.535Z,,10000000.0,18710.90836240876,0.5,1.0
the-open-network,ton,Toncoin,https://coin-images.coingecko.com/coins/images/17980/large/photo_2024-09-10_17.09.00.jpeg?1725963446,5.07,12860321204.0,15.0,25921129000.0,209254438.0,5.4,5.05,-0.3182675769869059,-5.91163,-788527386.2611275,-5.77724,2540084027.367624,5119766815.899719,,8.25,-38.60756,2024-06-15T00:36:51.509Z,0.519364,875.63419,2021-09-21T00:33:11.092Z,,2025-01-13T11:19:36.346Z,,10000000.0,15470.791865310703,0.5,1.0
stellar,xlm,Stellar,https://coin-images.coingecko.com/coins/images/100/large/fmpFRHHQ_400x400.jpg?1735231350,0.402507,12232138267.0,16.0,20120428278.0,394768585.0,0.438351,0.402394,-0.025922003196132,-6.05047,-775638540.1408806,-5.96288,30398397216.34887,50001786899.90237,50001786899.90237,0.875563,-53.77689,2018-01-03T00:00:00.000Z,0.00047612,84901.5944,2015-03-05T00:00:00.000Z,,2025-01-13T11:19:40.088Z,,10000000.0,16100.204467852413,0.5,1.0
wrapped-bitcoin,wbtc,Wrapped Bitcoin,https://coin-images.coingecko.com/coins/images/7598/large/wrapped_bitcoin_wbtc.png?1696507857,91256.0,12029440720.0,17.0,12029440720.0,267741399.0,95511.0,91262.0,-2749.1000481091905,-2.92441,-360850950.3656235,-2.91237,131830.43002371,131830.43002371,131830.43002371,107645.0,-15.02366,2024-12-17T15:02:56.539Z,3139.17,2813.92467,2019-04-02T00:00:00.000Z,,2025-01-13T11:19:39.412Z,,10000000.0,39036.736288034386,0.5,1.0
shiba-inu,shib,Shiba Inu,https://coin-images.coingecko.com/coins/images/11939/large/shiba.png?1696511800,2.025e-05,11924567566.0,18.0,11929690808.0,424484573.0,2.207e-05,2.023e-05,-1.409652835721e-06,-6.50944,-815663549.5907726,-6.40227,589255265545172.6,589508431714503.1,,8.616e-05,-76.45146,2021-10-28T03:54:55.568Z,5.6366e-11,35995004.25278,2020-11-28T11:26:25.838Z,,2025-01-13T11:19:41.987Z,,10000000.0,38142.4194100011,0.5,1.0
chainlink,link,Chainlink,https://coin-images.coingecko.com/coins/images/877/large/chainlink-new-logo.png?1696502009,18.36,11585028618.0,19.0,18356883420.0,691398915.0,20.3,18.34,-1.6076414307928315,-8.05251,-992897574.2043266,-7.89397,631099972.3083414,1000000000.0,1000000000.0,52.7,-65.02234,2021-05-10T00:13:57.214Z,0.148183,12338.68212,2017-11-29T00:00:00.000Z,,2025-01-13T11:19:36.159Z,,10000000.0,41873.69656333155,0.5,1.0
hedera-hashgraph,hbar,Hedera,https://coin-images.coingecko.com/coins/images/3688/large/hbar.png?1696504364,0.264073,10095170466.0,20.0,13194000116.0,393610513.0,0.287602,0.263582,-0.0167355225692336,-5.95976,-647430620.6815453,-6.02676,38256671126.66534,50000000000.0,50000000000.0,0.569229,-53.42806,2021-09-15T10:40:28.318Z,0.00986111,2588.34772,2020-01-02T17:30:24.852Z,,2025-01-13T11:19:40.781Z,,10000000.0,28305.841196402835,0.5,1.0
weth,weth,WETH,https://coin-images.coingecko.com/coins/images/2518/large/weth.png?1696503332,3110.6,9831663786.0,21.0,9831663786.0,782955194.0,3321.02,3110.85,-138.4067706155215,-4.25997,-75632889.87003326,-0.76341,3160885.741863716,3160885.741863716,,4799.89,-34.96544,2021-11-09T00:00:00.000Z,82.1,3702.02183,2018-12-15T00:00:00.000Z,,2025-01-13T11:19:37.370Z,,10000000.0,20355.57593355561,0.5,1.0
polkadot,dot,Polkadot,https://coin-images.coingecko.com/coins/images/12171/large/polkadot.png?1696512008,6.14,9352799294.0,22.0,9352799294.0,264579976.0,6.79,6.14,-0.5422216193592586,-8.11017,-794715648.3075924,-7.83163,1522267060.0,1522267060.0,,54.98,-88.78938,2021-11-04T14:10:09.301Z,2.7,128.50053,2020-08-20T05:48:11.359Z,,2025-01-13T11:19:42.307Z,,10000000.0,40163.9169355005,0.5,1.0
leo-token,leo,LEO Token,https://coin-images.coingecko.com/coins/images/8418/large/leo-token.png?1696508607,9.16,8467123589.0,23.0,9024912575.0,644990.0,9.34,9.14,-0.1275797470407322,-1.37376,-149775243.02249336,-1.73816,924346310.9,985239504.0,,9.79,-6.41755,2024-12-18T21:46:10.173Z,0.799859,1045.35089,2019-12-24T15:14:35.376Z,,2025-01-13T11:19:41.408Z,,10000000.0,32706.886058868986,0.5,1.0
bitcoin-cash,bch,Bitcoin Cash,https://coin-images.coingecko.com/coins/images/780/large/bitcoin-cash-circle.png?1696501932,414.32,8203278217.0,24.0,8693806909.0,308081474.0,462.73,414.1,-25.84808031433147,-5.87232,-501326763.2697811,-5.75933,19815121.77165078,21000000.0,21000000.0,3785.82,-88.99291,2017-12-20T00:00:00.000Z,76.93,441.63843,2018-12-16T00:00:00.000Z,,2025-01-13T11:19:36.251Z,,10000000.0,39726.84408369515,0.5,1.0
bitget-token,bgb,Bitget Token,https://coin-images.coingecko.com/coins/images/11610/large/icon_colour.png?1696511504,6.4,7631982832.0,25.0,7631982832.0,651171443.0,7.17,6.35,-0.6835082231862595,-9.65573,-879427545.5651951,-10.33234,1199999994.2,1199999994.2,2000000000.0,8.45,-24.47187,2024-12-27T11:41:24.992Z,0.0142795,44596.03617,2020-06-25T04:17:05.895Z,,2025-01-13T11:19:34.360Z,,10000000.0,13022.141017843647,0.5,1.0
uniswap,uni,Uniswap,https://coin-images.coingecko.com/coins/images/12504/large/uniswap-logo.png?1720676669,12.55,7531098246.0,26.0,12541732774.0,279833340.0,13.9,12.54,-1.153448613253497,-8.41559,-669885592.6105413,-8.16836,600483073.71,1000000000.0,1000000000.0,44.92,-71.93096,2021-05-03T05:25:04.822Z,1.03,1123.88145,2020-09-17T01:20:38.214Z,,2025-01-13T11:19:40.308Z,,10000000.0,19592.93000225388,0.5,1.0
litecoin,ltc,Litecoin,https://coin-images.coingecko.com/coins/images/2/large/litecoin.png?1696501400,95.35,7189678739.0,27.0,8008279652.0,456826580.0,104.22,95.32,-8.04892673550927,-7.78424,-595769725.6122017,-7.65235,75413576.98347135,84000000.0,84000000.0,410.26,-76.65703,2021-05-10T03:13:07.904Z,1.15,8235.94086,2015-01-14T00:00:00.000Z,,2025-01-13T11:19:42.101Z,,10000000.0,26794.478186153025,0.5,1.0
pepe,pepe,Pepe,https://coin-images.coingecko.com/coins/images/29850/large/pepe-token.jpeg?1696528776,1.636e-05,6877788243.0,28.0,6877788243.0,1048520131.0,1.821e-05,1.635e-05,-1.284093871259e-06,-7.27604,-528542093.711503,-7.13636,420690000000000.0,420690000000000.0,420690000000000.0,2.803e-05,-41.35313,2024-12-09T16:30:35.828Z,5.5142e-08,29709.46993,2023-04-18T02:14:41.591Z,,2025-01-13T11:19:33.868Z,,10000000.0,37511.2251010028,0.5,1.0
hyperliquid,hype,Hyperliquid,https://coin-images.coingecko.com/coins/images/50882/large/hyperliquid.jpg?1729431300,19.53,6520224302.0,29.0,19525640661.0,170021662.0,23.07,19.29,-1.660653449605089,-7.83729,-519874695.3389063,-7.38448,333928180.0,999990391.0,1000000000.0,34.96,-43.3172,2024-12-22T03:56:00.276Z,3.81,420.27497,2024-11-29T09:30:30.871Z,,2025-01-13T11:19:40.876Z,,10000000.0,30760.059508080252,0.5,1.0
wrapped-eeth,weeth,Wrapped eETH,https://coin-images.coingecko.com/coins/images/33033/large/weETH.png?1701438396,3282.94,6175239873.0,30.0,6175239873.0,8192034.0,3515.68,3282.74,-151.4830745876875,-4.41072,-277655543.6282406,-4.30281,1880862.48870801,1880862.48870801,,4311.81,-23.53879,2024-12-06T20:32:25.758Z,2231.18,47.76351,2024-01-08T03:35:28.624Z,,2025-01-13T11:19:39.374Z,,10000000.0,31399.959717343892,0.5,1.0
usds,usds,USDS,https://coin-images.coingecko.com/coins/images/39926/large/usds.webp?1726666683,0.993528,6034350489.0,31.0,6034350489.0,7611191.0,1.006,0.992062,-0.007626087234458,-0.76173,50021596.0,0.83588,6073210752.685652,6073210752.685652,,1.057,-5.65866,2024-10-29T05:40:51.197Z,0.948265,5.19125,2024-10-03T13:19:28.826Z,,2025-01-13T11:19:36.293Z,,10000000.0,17545.025101068306,0.5,1.0
ethena-usde,usde,Ethena USDe,https://coin-images.coingecko.com/coins/images/33613/large/usde.png?1733810059,0.996474,5768424829.0,32.0,5768424829.0,78504563.0,1.006,0.990011,-0.0036705681141281,-0.367,-15353468.859140396,-0.26546,5788475774.465169,5788475774.465169,,1.032,-3.23833,2023-12-20T15:38:34.596Z,0.929486,7.44217,2024-10-04T07:57:15.809Z,,2025-01-13T11:19:36.344Z,,10000000.0,44544.06448459454,0.5,1.0
near,near,NEAR Protocol,https://coin-images.coingecko.com/coins/images/10365/large/near.jpg?1696510367,4.53,5316569245.0,33.0,5567677685.0,264468472.0,5.08,4.53,-0.4841601982420425,-9.65942,-530303490.93408585,-9.06987,1174497105.0,1229970122.0,,20.44,-77.77792,2022-01-16T22:09:45.873Z,0.526762,762.20559,2020-11-04T16:09:15.137Z,,2025-01-13T11:19:42.427Z,,10000000.0,39324.038279976376,0.5,1.0
aptos,apt,Aptos,https://coin-images.coingecko.com/coins/images/26455/large/aptos_round.png?1696525528,8.26,4713790100.0,34.0,9374898396.0,313930815.0,9.07,8.22,-0.6617359145082524,-7.41953,-276546423.1140938,-5.54164,571004614.1895105,1135627621.929657,,19.92,-58.53578,2023-01-26T14:25:17.390Z,3.08,168.19437,2022-12-29T21:35:14.796Z,,2025-01-13T11:19:34.258Z,,10000000.0,35597.851900549584,0.5,1.0
internet-computer,icp,Internet Computer,https://coin-images.coingecko.com/coins/images/14495/large/Internet_Computer_logo.png?1696514180,9.51,4552871573.0,35.0,5022520630.0,190085574.0,10.52,9.48,-0.8420259194319222,-8.13655,-391896890.2769423,-7.92549,479352442.0275531,528799789.4296555,,700.65,-98.64371,2021-05-10T16:05:53.653Z,2.87,231.68276,2023-09-22T00:29:57.369Z,,2025-01-13T11:19:42.676Z,,10000000.0,40648.86499252675,0.5,1.0
aave,aave,Aave,https://coin-images.coingecko.com/coins/images/12645/large/aave-token-round.png?1720472354,260.74,3923932100.0,36.0,4173297659.0,404779736.0,295.32,260.82,-28.4714912414575,-9.84468,-420659964.4490967,-9.68238,15043957.734691896,16000000.0,16000000.0,661.69,-60.34163,2021-05-18T21:19:59.514Z,26.02,908.39273,2020-11-05T09:20:11.928Z,,2025-01-13T11:19:42.502Z,,10000000.0,28365.782658557513,0.5,1.0
monero,xmr,Monero,https://coin-images.coingecko.com/coins/images/69/large/monero_logo.png?1696501460,191.98,3541581323.0,38.0,3541581323.0,58810539.0,208.48,192.01,-8.013580615818853,-4.007,-147949475.4241519,-4.00998,18446744.07370955,18446744.07370955,,542.33,-64.43871,2018-01-09T00:00:00.000Z,0.216177,89113.11799,2015-01-14T00:00:00.000Z,,2025-01-13T11:19:42.019Z,,10000000.0,25482.34255280927,0.5,1.0
mantle,mnt,Mantle,https://coin-images.coingecko.com/coins/images/30980/large/token-logo.png?1696529819,1.052,3539724680.0,37.0,6542843612.0,98828344.0,1.16,1.052,-0.0949144414681779,-8.27636,-318526396.08145714,-8.25572,3364694382.83684,6219316794.99,6219316794.99,1.54,-31.00203,2024-04-08T09:45:25.482Z,0.307978,244.72672,2023-10-18T02:50:46.942Z,,2025-01-13T11:19:41.572Z,,10000000.0,23184.542777363007,0.5,1.0
polygon-ecosystem-token,pol,POL (ex-MATIC),https://coin-images.coingecko.com/coins/images/32440/large/polygon.png?1698233684,0.41826,3530168802.0,39.0,4338269136.0,65630093.0,0.459608,0.419558,-0.0353188426942561,-7.78671,-288321247.4845786,-7.55066,8414469887.506379,10340648579.12308,,1.29,-67.25068,2024-03-13T18:55:06.692Z,0.286453,47.20296,2024-11-04T21:55:33.611Z,,2025-01-13T11:19:34.546Z,,10000000.0,29562.69712263275,0.5,1.0
ethereum-classic,etc,Ethereum Classic,https://coin-images.coingecko.com/coins/images/453/large/ethereum-classic-logo.png?1696501717,23.48,3528893732.0,40.0,4945923421.0,145937244.0,25.75,23.48,-1.865378159976597,-7.35919,-275545215.0553899,-7.24273,150333486.0144937,210700000.0,210700000.0,167.09,-85.85864,2021-05-06T18:34:22.133Z,0.615038,3741.73626,2016-07-25T00:00:00.000Z,"{'times': 51.182740697132736, 'currency': 'usd', 'percentage': 5118.274069713273}",2025-01-13T11:19:36.448Z,,10000000.0,12863.211477135708,0.5,1.0
crypto-com-chain,cro,Cronos,https://coin-images.coingecko.com/coins/images/7310/large/cro_token_logo.png?1696507599,0.129244,3517698542.0,41.0,3876971384.0,20846719.0,0.140155,0.129162,-0.0097367248102704,-7.00579,-261828523.65867472,-6.92755,27219947173.90145,30000000000.0,,0.965407,-86.56575,2021-11-24T15:53:54.855Z,0.0121196,970.12833,2019-02-08T00:00:00.000Z,,2025-01-13T11:19:35.535Z,,10000000.0,25057.426796323092,0.5,1.0
mantra-dao,om,MANTRA,https://coin-images.coingecko.com/coins/images/12151/large/OM_Token.png?1696511991,3.62,3474737620.0,42.0,6525816790.0,57099581.0,3.82,3.62,-0.1983783343989227,-5.19842,-185827445.48638964,-5.07647,960224455.6999998,1803373250.25,,4.55,-20.24578,2024-12-11T17:15:48.902Z,0.01726188,20903.09273,2023-10-12T17:25:09.068Z,,2025-01-13T11:19:41.686Z,,10000000.0,18339.173790670095,0.5,1.0
dai,dai,Dai,https://coin-images.coingecko.com/coins/images/9956/large/Badge_Dai.png?1696509996,0.99977,3450196102.0,43.0,3450196102.0,77402072.0,1.0,0.999616,7.85e-06,0.00079,16968811.0,0.49425,3450940778.840171,3450940778.840171,,1.22,-17.98298,2020-03-13T03:02:50.373Z,0.88196,13.35329,2023-03-11T07:50:50.514Z,,2025-01-13T11:19:36.359Z,,10000000.0,20507.095295793923,0.5,1.0
render-token,render,Render,https://coin-images.coingecko.com/coins/images/11636/large/rndr.png?1696511529,6.52,3379816197.0,44.0,3476178746.0,112967630.0,7.31,6.53,-0.6613730482503604,-9.20871,-331712354.92985964,-8.93735,517697726.6875945,532457899.9675945,,13.53,-51.51357,2024-03-17T16:30:24.636Z,0.03665669,17802.56949,2020-06-16T13:22:25.900Z,,2025-01-13T11:19:34.704Z,,10000000.0,21945.575987366363,0.5,1.0
vechain,vet,VeChain,https://coin-images.coingecko.com/coins/images/1167/large/VET_Token_Icon.png?1710013505,0.04104143,3318340279.0,45.0,3523213934.0,61894442.0,0.04680613,0.04099011,-0.0034399478726077,-7.73346,-282283457.07167053,-7.83985,80985041177.0,85985041177.0,86712634466.0,0.280991,-85.34884,2021-04-19T01:08:21.675Z,0.00191713,2047.39642,2020-03-13T02:29:59.652Z,"{'times': 3.6226510280393067, 'currency': 'eth', 'percentage': 362.26510280393063}",2025-01-13T11:19:36.651Z,,10000000.0,35604.81218087781,0.5,1.0
bittensor,tao,Bittensor,https://coin-images.coingecko.com/coins/images/28452/large/ARUsPeNQ_400x400.jpeg?1696527447,402.02,3274233417.0,46.0,8441084103.0,146189442.0,454.61,401.87,-38.51339388298709,-8.74241,-304435419.42018795,-8.50695,8145743.0,21000000.0,21000000.0,757.6,-46.65177,2024-03-07T18:45:36.466Z,30.83,1210.96075,2023-05-14T08:57:53.732Z,,2025-01-13T11:19:39.269Z,,10000000.0,44047.28302316476,0.5,1.0
fetch-ai,fet,Artificial Superintelligence Alliance,https://coin-images.coingecko.com/coins/images/5681/large/ASI.png?1719827289,1.18,3074027107.0,47.0,3203285508.0,323828488.0,1.33,1.18,-0.1233818379274513,-9.46728,-319723643.4273877,-9.42095,2604959126.672,2714493896.672,2714493896.672,3.45,-65.66506,2024-03-28T17:21:18.050Z,0.00816959,14417.00108,2020-03-13T02:24:18.347Z,"{'times': 12.608562090873402, 'currency': 'usd', 'percentage': 1260.8562090873402}",2025-01-13T11:19:36.687Z,,10000000.0,28978.142955614385,0.5,1.0
tokenize-xchange,tkx,Tokenize Xchange,https://coin-images.coingecko.com/coins/images/4984/large/TKX_-_Logo_-_RGB-15.png?1696505519,37.53,3003939542.0,48.0,3755112228.0,30974285.0,42.77,37.43,-5.137232251748223,-12.03917,-408588399.7608299,-11.97319,79995999.05112354,100000000.0,100000000.0,50.43,-25.27006,2025-01-03T19:12:43.038Z,0.111255,33774.80342,2019-04-28T00:00:00.000Z,"{'times': 128.2040071088552, 'currency': 'usd', 'percentage': 12820.400710885518}",2025-01-13T11:19:36.195Z,,10000000.0,39492.62190173552,0.5,1.0
filecoin,fil,Filecoin,https://coin-images.coingecko.com/coins/images/12817/large/filecoin.png?1696512609,4.74,2942358855.0,49.0,9284066751.0,219382384.0,5.21,4.73,-0.3892518451428177,-7.58749,-237985701.44087029,-7.48302,621075769.0,1959689209.0,1959689276.0,236.84,-97.99899,2021-04-01T13:29:41.564Z,2.64,79.44892,2022-12-16T22:45:28.552Z,,2025-01-13T11:19:36.740Z,,10000000.0,35004.36036715408,0.5,1.0
arbitrum,arb,Arbitrum,https://coin-images.coingecko.com/coins/images/16547/large/arb.jpg?1721358242,0.674262,2836187636.0,50.0,6736608568.0,301831835.0,0.746685,0.673579,-0.0584089857977352,-7.97206,-243603076.1486216,-7.90973,4210111968.0,10000000000.0,10000000000.0,2.39,-71.75275,2024-01-12T12:29:59.231Z,0.431578,56.4468,2024-08-05T11:35:54.024Z,,2025-01-13T11:19:33.956Z,,10000000.0,16705.050269379117,0.5,1.0
kaspa,kas,Kaspa,https://coin-images.coingecko.com/coins/images/25751/large/kaspa-icon-exchanges.png?1696524837,0.110637,2822139800.0,51.0,2822573344.0,81509617.0,0.119562,0.110671,-0.0061131233806841,-5.23608,-156820951.07952783,-5.26428,25508724839.20588,25512643557.46232,28704026601.0,0.207411,-46.50042,2024-08-01T00:40:47.164Z,0.00017105,64772.42975,2022-05-26T14:42:59.316Z,,2025-01-13T11:19:41.220Z,,10000000.0,31038.392332338728,0.5,1.0
algorand,algo,Algorand,https://coin-images.coingecko.com/coins/images/4380/large/download.png?1696504978,0.330007,2760366526.0,52.0,2760366570.0,164374625.0,0.372139,0.329966,-0.0361184103338256,-9.86505,-300372488.73692083,-9.81372,8366662401.010559,8366662533.976583,10000000000.0,3.56,-90.66761,2019-06-20T14:51:19.480Z,0.087513,279.75967,2023-09-11T19:42:08.247Z,"{'times': -0.8624972730167793, 'currency': 'usd', 'percentage': -86.24972730167792}",2025-01-13T11:19:42.941Z,,10000000.0,47809.698066656914,0.5,1.0
okb,okb,OKB,https://coin-images.coingecko.com/coins/images/4463/large/WeChat_Image_20220118095654.png?1696505053,45.33,2725622916.0,53.0,10718861239.0,5180963.0,48.34,45.55,-2.38802857325544,-5.00481,-137167934.67506552,-4.79141,60000000.0,235957685.3,300000000.0,73.8,-37.65843,2024-03-14T00:30:12.502Z,0.580608,7824.47989,2019-01-14T00:00:00.000Z,,2025-01-13T11:19:42.426Z,,10000000.0,47791.25837136251,0.5,1.0
ethena,ena,Ethena,https://coin-images.coingecko.com/coins/images/36530/large/ethena.png?1711701436,0.78529,2381128739.0,54.0,11776834565.0,529135933.0,0.916335,0.780051,-0.1082063067136001,-12.11044,-323146878.403522,-11.94948,3032812500.0,15000000000.0,,1.52,-48.14852,2024-04-11T13:15:15.057Z,0.195078,303.40325,2024-09-06T21:04:48.253Z,,2025-01-13T11:19:36.427Z,,10000000.0,16717.87645424706,0.5,1.0
cosmos,atom,Cosmos Hub,https://coin-images.coingecko.com/coins/images/1481/large/cosmos_hub.png?1696502525,6.06,2369614520.0,55.0,2371080275.0,183094448.0,6.67,6.07,-0.4535586822537043,-6.95799,-176592602.9131317,-6.93552,390688369.813272,390930035.085365,,44.45,-86.28508,2022-01-17T00:34:41.497Z,1.16,425.49169,2020-03-13T02:27:44.591Z,"{'times': 59.64969082605605, 'currency': 'usd', 'percentage': 5964.969082605605}",2025-01-13T11:19:40.171Z,,10000000.0,17321.683015150265,0.5,1.0
virtual-protocol,virtual,Virtuals Protocol,https://coin-images.coingecko.com/coins/images/34057/large/LOGOMARK.png?1708356054,2.34,2348342718.0,56.0,2348342718.0,381617305.0,2.83,2.35,-0.4802251719614738,-17.03193,-476178738.0062447,-16.85874,1000000000.0,1000000000.0,1000000000.0,5.07,-53.40665,2025-01-02T06:15:38.599Z,0.00748604,31424.79111,2024-01-23T20:55:21.653Z,,2025-01-13T11:19:37.159Z,,10000000.0,16782.291032093646,0.5,1.0
gatechain-token,gt,Gate,https://coin-images.coingecko.com/coins/images/8183/large/200X200.png?1735246724,17.66,2222113119.0,57.0,5298505175.0,16217766.0,18.48,17.5,-0.7266974044861954,-3.95239,-93700437.75704908,-4.04611,125815473.19980882,300000000.0,,18.65,-4.86637,2025-01-11T21:57:37.411Z,0.25754,6789.32155,2020-03-13T02:18:02.481Z,,2025-01-13T11:19:40.183Z,,10000000.0,47349.80939836095,0.5,1.0
optimism,op,Optimism,https://coin-images.coingecko.com/coins/images/25244/large/Optimism.png?1696524385,1.63,2201978401.0,58.0,6996590987.0,229667364.0,1.82,1.63,-0.156938334102485,-8.78774,-211574564.50898457,-8.7661,1351719035.0,4294967296.0,4294967296.0,4.84,-66.21152,2024-03-06T08:35:50.817Z,0.402159,307.00772,2022-06-18T20:54:52.178Z,,2025-01-13T11:19:42.841Z,,10000000.0,12120.065008203466,0.5,1.0
celestia,tia,Celestia,https://coin-images.coingecko.com/coins/images/31967/large/tia.jpg?1696530772,4.43,2161577261.0,59.0,4856288316.0,187620385.0,5.1,4.43,-0.4210491704340677,-8.67388,-200085706.847157,-8.47224,487734797.126294,1095765041.095575,,20.85,-78.66115,2024-02-10T14:30:02.495Z,2.08,113.55112,2023-10-31T15:14:31.951Z,,2025-01-13T11:19:35.015Z,,10000000.0,41867.17372623662,0.5,1.0
sonic-3,s,Sonic (prev. FTM),https://coin-images.coingecko.com/coins/images/38108/large/200x200_Sonic_Logo.png?1734679256,0.667678,2119876762.0,60.0,2119876762.0,3806067.0,0.715344,0.66628,-0.030045270589203,-4.30619,-103810311.98561478,-4.66839,3175000000.0,3175000000.0,,1.029,-34.81157,2025-01-04T21:35:44.705Z,0.620963,8.07353,2025-01-09T14:32:36.721Z,,2025-01-13T11:19:35.405Z,,10000000.0,16674.926778888523,0.5,1.0
blockstack,stx,Stacks,https://coin-images.coingecko.com/coins/images/2069/large/Stacks_Logo_png.png?1709979332,1.38,2086463085.0,61.0,2086470000.0,83505234.0,1.54,1.38,-0.131972927547384,-8.70869,-196039089.5930572,-8.58878,1508711221.91826,1508716221.91826,1818000000.0,3.86,-63.98133,2024-04-01T12:34:58.342Z,0.04559639,2952.60459,2020-03-13T02:29:26.415Z,"{'times': 10.528692271209225, 'currency': 'usd', 'percentage': 1052.8692271209225}",2025-01-13T11:19:34.367Z,,10000000.0,40012.33253905506,0.5,1.0
coinbase-wrapped-btc,cbbtc,Coinbase Wrapped BTC,https://coin-images.coingecko.com/coins/images/40143/large/cbbtc.webp?1726136727,91827.0,1985902108.0,62.0,1985902108.0,295571312.0,95794.0,91679.0,-2414.4884087549144,-2.56203,-64763060.68972254,-3.15815,21624.58658848,21624.58658848,,108259.0,-14.91913,2024-12-17T15:02:49.202Z,57439.0,60.35844,2024-09-12T14:07:41.775Z,,2025-01-13T11:19:36.105Z,,10000000.0,14337.19979278199,0.5,1.0
immutable-x,imx,Immutable,https://coin-images.coingecko.com/coins/images/17233/large/immutableX-symbol-BLK-RGB.png?1696516787,1.13,1935210159.0,63.0,2251182667.0,46922851.0,1.26,1.13,-0.1140713444604719,-9.20554,-191145606.38826945,-8.98935,1719283101.389814,2000000000.0,2000000000.0,9.52,-88.13435,2021-11-26T01:03:01.536Z,0.378055,198.79336,2022-12-31T07:36:37.649Z,,2025-01-13T11:19:41.018Z,,10000000.0,15485.937556661433,0.5,1.0
theta-token,theta,Theta Network,https://coin-images.coingecko.com/coins/images/2538/large/theta-token-logo.png?1696503349,1.93,1932802995.0,64.0,1932802995.0,28076599.0,2.19,1.93,-0.2008433369216058,-9.4131,-201258579.98379895,-9.43078,1000000000.0,1000000000.0,1000000000.0,15.72,-87.58081,2021-04-16T13:15:11.190Z,0.04039979,4732.35445,2020-03-13T02:24:16.483Z,"{'times': 11.885434625890133, 'currency': 'usd', 'percentage': 1188.5434625890134}",2025-01-13T11:19:36.087Z,,10000000.0,10013.34985068067,0.5,1.0
bonk,bonk,Bonk,https://coin-images.coingecko.com/coins/images/28600/large/bonk.jpg?1696527587,2.525e-05,1926270598.0,65.0,2296144512.0,154625157.0,2.822e-05,2.525e-05,-2.538151587932e-06,-9.13354,-193890252.1764655,-9.14507,76304062278496.23,90955628970939.23,90955885368847.7,5.825e-05,-56.46414,2024-11-20T04:01:06.465Z,8.6142e-08,29339.26541,2022-12-29T22:48:46.755Z,,2025-01-13T11:19:35.046Z,,10000000.0,30499.581391178508,0.5,1.0
binance-peg-weth,weth,Binance-Peg WETH,https://coin-images.coingecko.com/coins/images/39580/large/weth.png?1723006716,3104.55,1878395228.0,66.0,1878395228.0,53771612.0,3325.41,3104.35,-142.40564407103784,-4.38583,-84653226.63121367,-4.31234,604999.999959841,604999.999959841,,4098.26,-23.87464,2024-12-06T20:27:27.286Z,2171.8,43.65118,2024-09-06T21:02:52.910Z,,2025-01-13T11:19:34.522Z,,10000000.0,11078.990347966183,0.5,1.0
injective-protocol,inj,Injective,https://coin-images.coingecko.com/coins/images/12882/large/Secondary_Symbol.png?1696512670,19.17,1873954737.0,67.0,1917536108.0,111093842.0,21.34,19.17,-1.7329915097882207,-8.2905,-162984797.3245468,-8.00145,97727220.33,100000000.0,,52.62,-63.41602,2024-03-14T15:06:22.124Z,0.657401,2828.31002,2020-11-03T16:19:30.576Z,,2025-01-13T11:19:41.782Z,,10000000.0,35706.9122007729,0.5,1.0
movement,move,Movement,https://coin-images.coingecko.com/coins/images/39345/large/movement-testnet-token.png?1721878759,0.792809,1782717911.0,68.0,7923190718.0,137089814.0,0.914584,0.790608,-0.0937484706300616,-10.57444,-211273717.5558753,-10.59552,2250000000.0,10000000000.0,10000000000.0,1.45,-45.19608,2024-12-10T04:05:51.093Z,0.597911,32.89268,2024-12-16T13:05:52.930Z,,2025-01-13T11:19:42.334Z,,10000000.0,33728.173249181,0.5,1.0
pudgy-penguins,pengu,Pudgy Penguins,https://coin-images.coingecko.com/coins/images/52622/large/PUDGY_PENGUINS_PENGU_PFP.png?1733809110,0.02833462,1780598728.0,69.0,2517888088.0,356258567.0,0.03405442,0.02830657,-0.003678030473125,-11.4893,-223829815.64854407,-11.16676,62860396090.0,88888888888.0,88888888888.0,0.068447,-58.5708,2024-12-17T13:05:22.873Z,0.01141,148.52688,2024-12-17T13:00:22.873Z,,2025-01-13T11:19:34.541Z,,10000000.0,29869.83862793232,0.5,1.0
first-digital-usd,fdusd,First Digital USD,https://coin-images.coingecko.com/coins/images/31079/large/FDUSD_icon_black.png?1731097953,0.996909,1771929736.0,70.0,1781302317.0,4896136378.0,1.012,0.989289,-0.0048396050368386,-0.48312,-15249030.014074802,-0.85325,1777132399.62,1786532499.62,,1.089,-8.2914,2024-05-20T19:42:15.377Z,0.940377,6.15934,2024-12-05T22:30:51.394Z,,2025-01-13T11:19:39.221Z,,10000000.0,31794.814466892945,0.5,1.0
the-graph,grt,The Graph,https://coin-images.coingecko.com/coins/images/13397/large/Graph_Token.png?1696513159,0.184948,1769679608.0,71.0,1999397629.0,46150335.0,0.205071,0.185319,-0.0170352021360338,-8.43396,-154488456.1818831,-8.02884,9548531509.16547,10788004319.0,10788004319.0,2.84,-93.46267,2021-02-12T07:28:45.775Z,0.052051,256.87804,2022-11-22T10:05:03.503Z,,2025-01-13T11:19:36.436Z,,10000000.0,18903.11048736526,0.5,1.0
worldcoin-wld,wld,Worldcoin,https://coin-images.coingecko.com/coins/images/31069/large/worldcoin.jpeg?1696529903,1.91,1701679407.0,72.0,19074487809.0,373067992.0,2.2,1.9,-0.2489496893673815,-11.53853,-208840698.7169423,-10.93109,892123250.662935,10000000000.0,10000000000.0,11.74,-83.68349,2024-03-10T00:10:42.330Z,0.973104,96.86069,2023-09-13T07:36:44.064Z,,2025-01-13T11:19:37.204Z,,10000000.0,47366.0726763243,0.5,1.0
fasttoken,ftn,Fasttoken,https://coin-images.coingecko.com/coins/images/28478/large/lightenicon_200x200.png?1696527472,3.81,1631853959.0,73.0,3317731190.0,50299919.0,3.84,3.79,-0.0047254490015324,-0.12386,-2079195.0535581112,-0.12725,428281983.0,870742437.0,1000000000.0,3.84,-0.67447,2025-01-13T00:36:17.513Z,0.398142,858.41656,2023-01-21T10:15:39.503Z,,2025-01-13T11:19:36.323Z,,10000000.0,17324.596164894905,0.5,1.0
ondo-finance,ondo,Ondo,https://coin-images.coingecko.com/coins/images/26580/large/ONDO.png?1696525656,1.11,1607036968.0,74.0,11119991223.0,155410077.0,1.26,1.11,-0.123875588047619,-10.01452,-180307840.98981,-10.08803,1445178270.0,10000000000.0,10000000000.0,2.14,-47.64948,2024-12-16T00:36:00.777Z,0.082171,1263.47761,2024-01-18T12:14:30.524Z,,2025-01-13T11:19:42.819Z,,10000000.0,35003.476161607156,0.5,1.0
rocket-pool-eth,reth,Rocket Pool ETH,https://coin-images.coingecko.com/coins/images/20764/large/reth.png?1696520159,3500.75,1604554411.0,75.0,1604554411.0,7227418.0,3721.96,3499.78,-140.2211450201262,-3.8512,-63515461.80165315,-3.80772,458375.6880345054,458375.6880345054,,4814.31,-27.14083,2021-12-01T08:03:50.749Z,887.26,295.3354,2022-06-18T20:55:45.957Z,,2025-01-13T11:19:34.598Z,,10000000.0,35283.08203246591,0.5,1.0
kelp-dao-restaked-eth,rseth,Kelp DAO Restaked ETH,https://coin-images.coingecko.com/coins/images/33800/large/Icon___Dark.png?1702991855,3214.01,1557405222.0,76.0,1557405222.0,3607129.0,3434.35,3207.64,-143.6214231541071,-4.27746,-66837466.50626445,-4.11499,484530.5094157946,484530.5094157946,,4216.2,-23.67644,2024-12-06T20:31:16.142Z,2069.62,55.48505,2024-01-23T14:25:53.609Z,,2025-01-13T11:19:41.202Z,,10000000.0,34740.09333255715,0.5,1.0
lombard-staked-btc,lbtc,Lombard Staked BTC,https://coin-images.coingecko.com/coins/images/39969/large/LBTC_Logo.png?1724959872,90998.0,1543017317.0,77.0,1543017317.0,1623157.0,95710.0,90992.0,-2999.2579664624354,-3.1908,-48941352.12713051,-3.07429,16955.32477991,16955.32477991,,108188.0,-15.5679,2024-12-16T18:42:29.564Z,52119.0,75.26147,2024-09-06T21:01:52.094Z,,2025-01-13T11:19:41.479Z,,10000000.0,47118.22033591777,0.5,1.0
usual-usd,usd0,Usual USD,https://coin-images.coingecko.com/coins/images/38272/large/USD0LOGO.png?1716962811,0.991869,1521005849.0,78.0,1521005849.0,39447018.0,1.006,0.98558,-0.0091094612171973,-0.91006,-17147075.021445513,-1.11478,1533474968.345357,1533474968.345357,,1.33,-24.95349,2024-07-12T08:28:59.311Z,0.976542,1.87905,2024-08-05T06:27:12.976Z,,2025-01-13T11:19:36.312Z,,10000000.0,40519.81872952469,0.5,1.0
sei-network,sei,Sei,https://coin-images.coingecko.com/coins/images/28205/large/Sei_Logo_-_Transparent.png?1696527207,0.348166,1464626688.0,79.0,3480760547.0,91024982.0,0.391821,0.348098,-0.0373985030129289,-9.69967,-157927394.80203414,-9.73326,4207777777.0,10000000000.0,,1.14,-69.27454,2024-03-16T02:30:23.904Z,0.095364,267.20825,2023-10-19T08:05:30.655Z,,2025-01-13T11:19:35.174Z,,10000000.0,23124.53024594609,0.5,1.0
xdce-crowd-sale,xdc,XDC Network,https://coin-images.coingecko.com/coins/images/2912/large/xdc-icon.png?1696503661,0.096156,1437792768.0,81.0,3654449732.0,41975701.0,0.101603,0.09611,-0.0038713879884781,-3.87032,-55535805.667942286,-3.71893,14930338781.9,37948565174.7,,0.192754,-49.71913,2021-08-21T04:39:48.324Z,0.00039532,24416.57816,2019-07-22T00:00:00.000Z,"{'times': 3.1149111033611647, 'currency': 'eth', 'percentage': 311.4911103361165}",2025-01-13T11:19:42.242Z,,10000000.0,40199.24957143649,0.5,1.0
floki,floki,FLOKI,https://coin-images.coingecko.com/coins/images/16746/large/PNG_image.png?1696516318,0.00014842,1436331940.0,80.0,1484774269.0,176778682.0,0.00016649,0.00014849,-1.5571098146742e-05,-9.49502,-147598792.35522628,-9.31851,9673739439445.0,10000000000000.0,10000000000000.0,0.00034495,-56.79515,2024-06-05T07:25:59.137Z,8.428e-08,176733.43687,2021-07-06T01:11:20.438Z,,2025-01-13T11:19:39.645Z,,10000000.0,40616.830455414834,0.5,1.0
quant-network,qnt,Quant,https://coin-images.coingecko.com/coins/images/3370/large/5ZOu7brX_400x400.jpg?1696504070,98.07,1424993976.0,82.0,1431687451.0,22323082.0,107.7,98.02,-8.694151388829994,-8.14337,-127434003.49434447,-8.20869,14544176.164091088,14612493.0,14612493.0,427.42,-76.9193,2021-09-11T09:15:00.668Z,0.215773,45620.22914,2018-08-23T00:00:00.000Z,"{'times': 12.5707060337644, 'currency': 'eth', 'percentage': 1257.0706033764402}",2025-01-13T11:19:34.659Z,,10000000.0,42218.10406438951,0.5,1.0
dogwifcoin,wif,dogwifhat,https://coin-images.coingecko.com/coins/images/33566/large/dogwifhat.jpg?1702499428,1.42,1423325229.0,83.0,1423325229.0,336708031.0,1.58,1.43,-0.1228086086114197,-7.93891,-119305387.98052263,-7.73389,998926392.0,998926392.0,998926392.0,4.83,-70.23643,2024-03-31T09:34:58.366Z,0.00155464,92283.45313,2023-12-13T07:13:50.873Z,,2025-01-13T11:19:36.725Z,,10000000.0,11341.882582859651,0.5,1.0
mantle-staked-ether,meth,Mantle Staked Ether,https://coin-images.coingecko.com/coins/images/33345/large/symbol_transparent_bg.png?1701697066,3270.68,1417713597.0,84.0,1417713597.0,19992831.0,3498.82,3270.6,-149.79488041149943,-4.37936,-66017284.052178144,-4.44941,433410.9313667493,433410.9313667493,,4729.53,-30.63089,2024-03-27T05:26:27.333Z,2142.02,53.16553,2023-12-18T10:41:32.686Z,,2025-01-13T11:19:42.445Z,,10000000.0,45084.81769034627,0.5,1.0
binance-staked-sol,bnsol,Binance Staked SOL,https://coin-images.coingecko.com/coins/images/40132/large/bnsol.png?1725968367,181.75,1400935215.0,85.0,1400935215.0,8157088.0,196.45,181.74,-9.466491652748658,-4.95072,-75833821.80179739,-5.13512,7709631.789510796,7709631.789510796,,267.89,-31.68196,2024-11-23T15:05:53.758Z,127.32,43.74519,2024-09-18T15:30:14.531Z,,2025-01-13T11:19:34.175Z,,10000000.0,32815.53122765575,0.5,1.0
jasmycoin,jasmy,JasmyCoin,https://coin-images.coingecko.com/coins/images/13876/large/JASMY200x200.jpg?1696513620,0.02834596,1372437302.0,86.0,1417221502.0,97965957.0,0.03178904,0.02833877,-0.0028558901375206,-9.15295,-134611515.94271445,-8.93213,48419999999.3058,50000000000.0,50000000000.0,4.79,-99.40525,2021-02-16T03:53:32.207Z,0.00275026,935.87123,2022-12-29T20:41:09.113Z,,2025-01-13T11:19:41.138Z,,10000000.0,11773.233650426884,0.5,1.0
gala,gala,GALA,https://coin-images.coingecko.com/coins/images/12493/large/GALA_token_image_-_200PNG.png?1709725869,0.03150457,1336224800.0,87.0,1336225784.0,209584762.0,0.03580575,0.03151634,-0.0040534972408393,-11.39966,-166622196.1962695,-11.0871,42394284284.83909,42394315493.02892,50000000000.0,0.824837,-96.16322,2021-11-26T01:03:48.731Z,0.00013475,23385.93324,2020-12-28T08:46:48.367Z,,2025-01-13T11:19:40.046Z,,10000000.0,18805.159618429352,0.5,1.0
kucoin-shares,kcs,KuCoin,https://coin-images.coingecko.com/coins/images/1047/large/sa9z79.png?1696502152,10.68,1309408255.0,88.0,1522900792.0,199505.0,11.45,10.64,-0.673774233020735,-5.93668,-78682393.86728239,-5.66839,122665482.1460797,142665482.1460797,,28.83,-62.93027,2021-12-01T15:09:35.541Z,0.342863,3017.03469,2019-02-07T00:00:00.000Z,,2025-01-13T11:19:41.710Z,,10000000.0,32298.96230882672,0.5,1.0
lido-dao,ldo,Lido DAO,https://coin-images.coingecko.com/coins/images/13573/large/Lido_DAO.png?1696513326,1.44,1297184246.0,89.0,1447674398.0,115520702.0,1.6,1.45,-0.1294229879881359,-8.22179,-111983160.68228054,-7.94676,896046961.4578881,1000000000.0,1000000000.0,7.3,-80.06146,2021-08-20T08:35:20.158Z,0.40615,258.50963,2022-06-18T20:55:12.035Z,,2025-01-13T11:19:41.594Z,,10000000.0,47713.56817137142,0.5,1.0
the-sandbox,sand,The Sandbox,https://coin-images.coingecko.com/coins/images/12129/large/sandbox_logo.jpg?1696511971,0.527494,1293528953.0,90.0,1586595888.0,134001411.0,0.597412,0.528375,-0.0644506547732784,-10.88796,-151379783.71777654,-10.47677,2445857126.2233224,3000000000.0,3000000000.0,8.4,-93.65717,2021-11-25T06:04:40.957Z,0.02897764,1737.94835,2020-11-04T15:59:14.441Z,,2025-01-13T11:19:36.802Z,,10000000.0,11499.397597722002,0.5,1.0
raydium,ray,Raydium,https://coin-images.coingecko.com/coins/images/13928/large/PSigc4ie_400x400.jpg?1696513668,4.38,1274138084.0,91.0,2430987596.0,103770165.0,4.76,4.38,-0.0377165263098868,-0.85356,-6406290.44529438,-0.50028,290888623.959345,555000000.0,555000000.0,16.83,-73.9377,2021-09-12T20:20:23.998Z,0.134391,3164.37449,2022-12-29T22:15:53.927Z,,2025-01-13T11:19:34.464Z,,10000000.0,33904.078712521594,0.5,1.0
flare-networks,flr,Flare,https://coin-images.coingecko.com/coins/images/28624/large/FLR-icon200x200.png?1696527609,0.02235388,1270426681.0,92.0,2299556560.0,12260502.0,0.02545168,0.02232684,-0.0025444629027967,-10.21941,-145064945.396065,-10.24838,56854576605.45716,102910554837.7917,,0.150073,-85.08945,2023-01-10T03:14:05.921Z,0.00827405,170.4443,2023-10-19T03:35:41.663Z,,2025-01-13T11:19:39.476Z,,10000000.0,36062.157719210474,0.5,1.0
jupiter-exchange-solana,jup,Jupiter,https://coin-images.coingecko.com/coins/images/34188/large/jup.png?1704266489,0.734759,1238573915.0,93.0,7344295142.0,77004193.0,0.820028,0.734605,-0.0688877275741487,-8.57189,-114127828.90691756,-8.43703,1686443547.605848,10000000000.0,10000000000.0,2.0,-63.11469,2024-01-31T15:02:47.304Z,0.457464,61.261,2024-02-21T18:31:05.083Z,,2025-01-13T11:19:41.284Z,,10000000.0,37289.10452792037,0.5,1.0
solv-btc,solvbtc,Solv Protocol SolvBTC,https://coin-images.coingecko.com/coins/images/36800/large/solvBTC.png?1719810684,91387.0,1218167354.0,94.0,1228192295.0,11205135.0,95411.0,91381.0,-2658.8156024261552,-2.82716,-39558715.1516099,-3.14526,13327.94444437954,13437.62712533584,21000000.0,107779.0,-14.94404,2024-12-17T14:52:38.152Z,49058.0,86.86688,2024-08-05T06:28:45.311Z,,2025-01-13T11:19:35.011Z,,10000000.0,38369.312138025154,0.5,1.0
tezos,xtz,Tezos,https://coin-images.coingecko.com/coins/images/976/large/Tezos-logo.png?1696502091,1.18,1212231743.0,95.0,1236277876.0,66569394.0,1.29,1.18,-0.0803984679409879,-6.3564,-80778700.23789644,-6.24734,1024352910.572343,1044672232.27194,,9.12,-86.99901,2021-10-04T00:41:18.025Z,0.350476,238.16256,2018-12-07T00:00:00.000Z,"{'times': 1.5200933832180554, 'currency': 'usd', 'percentage': 152.00933832180553}",2025-01-13T11:19:36.642Z,,10000000.0,14175.384880796802,0.5,1.0
susds,susds,sUSDS,https://coin-images.coingecko.com/coins/images/52721/large/sUSDS_Coin.png?1734086971,1.018,1199978867.0,96.0,1199978867.0,67068.0,1.051,1.004,-0.0088232708047153,-0.85916,16607849.0,1.40344,1178701185.484453,1178701185.484453,,1.061,-3.75246,2025-01-03T16:26:00.877Z,0.961716,6.18415,2025-01-04T01:21:08.460Z,,2025-01-13T11:19:35.875Z,,10000000.0,21234.60378367833,0.5,1.0
nexo,nexo,NEXO,https://coin-images.coingecko.com/coins/images/3695/large/CG-nexo-token-200x200_2x.png?1730414360,1.19,1187719112.0,97.0,1187719112.0,5596077.0,1.28,1.19,-0.0792630730341972,-6.2558,-78814540.93636012,-6.22285,1000000000.0,1000000000.0,1000000000.0,4.07,-70.67021,2021-05-12T14:37:47.535Z,0.04515276,2542.42341,2018-09-13T00:00:00.000Z,"{'times': 10.87769852837702, 'currency': 'usd', 'percentage': 1087.769852837702}",2025-01-13T11:19:42.685Z,,10000000.0,36752.30172445305,0.5,1.0
maker,mkr,Maker,https://coin-images.coingecko.com/coins/images/1364/large/Mark_Maker.png?1696502423,1322.74,1178147384.0,98.0,1216635691.0,114820998.0,1446.44,1321.69,-105.67998793667788,-7.3984,-96500585.7597003,-7.57076,891489.6296030727,920613.2580815332,1005577.0,6292.31,-78.86208,2021-05-03T21:54:29.333Z,168.36,690.02359,2020-03-16T20:52:36.527Z,,2025-01-13T11:19:41.962Z,,10000000.0,45191.59450971177,0.5,1.0
kaia,kaia,Kaia,https://coin-images.coingecko.com/coins/images/39901/large/KAIA.png?1724734368,0.193308,1132589319.0,99.0,1132589356.0,29003123.0,0.213356,0.193255,-0.0175719163917539,-8.33266,-102459238.15345047,-8.29597,5856641747.106198,5856641936.044253,,0.406698,-52.25329,2024-12-03T00:11:32.242Z,0.113064,71.74827,2024-11-04T21:46:05.335Z,,2025-01-13T11:19:41.134Z,,10000000.0,11168.162707615777,0.5,1.0
ai16z,ai16z,ai16z,https://coin-images.coingecko.com/coins/images/51090/large/AI16Z.jpg?1730027175,1.029,1132311515.0,100.0,1132311515.0,486015821.0,1.17,1.016,-0.1314832180390357,-11.32641,-137099033.67837882,-10.80021,1099999315.067043,1099999315.067043,1099999958.01,2.47,-58.16045,2025-01-02T06:51:36.053Z,0.010189,10022.58362,2024-11-03T15:09:23.068Z,,2025-01-13T11:19:42.553Z,,10000000.0,21095.71465479103,0.5,1.0
,BTC,,,1000.0,1000000000.0,,,,,,,,,,,,,,,,,,,,,"$ 91,536.3",10000000.0,13474.580365249698,0.5,1.0
,ETH,,,1000.0,1000000000.0,,,,,,,,,,,,,,,,,,,,,"$ 3,114.91",10000000.0,12010.323344134522,0.5,1.0
,XRP,,,1000.0,1000000000.0,,,,,,,,,,,,,,,,,,,,,$ 2.41,10000000.0,47004.28621130164,0.5,1.0
,USDT,,,1000.0,1000000000.0,,,,,,,,,,,,,,,,,,,,,$ 0.9991,10000000.0,44570.084014016335,0.5,1.0
,SOL,,,1000.0,1000000000.0,,,,,,,,,,,,,,,,,,,,,$ 177.54,10000000.0,47049.71771165435,0.5,1.0
,BNB,,,1000.0,1000000000.0,,,,,,,,,,,,,,,,,,,,,$ 665.93,10000000.0,31630.036096785054,0.5,1.0
,DOGE,,,1000.0,1000000000.0,,,,,,,,,,,,,,,,,,,,,$ 0.3202,10000000.0,37111.110228209014,0.5,1.0
,USDC,,,1000.0,1000000000.0,,,,,,,,,,,,,,,,,,,,,$ 0.9998,10000000.0,44014.462292631695,0.5,1.0
,SUI,,,1000.0,1000000000.0,,,,,,,,,,,,,,,,,,,,,$ 4.42,10000000.0,32048.87127245134,0.5,1.0
,ADA,,,1000.0,1000000000.0,,,,,,,,,,,,,,,,,,,,,$ 0.9112,10000000.0,41921.52191017472,0.5,1.0
,STETH,,,1000.0,1000000000.0,,,,,,,,,,,,,,,,,,,,,"$ 3,113.36",10000000.0,35042.08540415585,0.5,1.0
,TON,,,1000.0,1000000000.0,,,,,,,,,,,,,,,,,,,,,$ 5.07,10000000.0,36073.54742365268,0.5,1.0
,RYO,,,1000.0,1000000000.0,,,,,,,,,,,,,,,,,,,,,,10000000.0,16257.836201612621,0.5,1.0
,XLM,,,1000.0,1000000000.0,,,,,,,,,,,,,,,,,,,,,$ 0.4032,10000000.0,17001.771653195745,0.5,1.0
,HYPE,,,1000.0,1000000000.0,,,,,,,,,,,,,,,,,,,,,,10000000.0,49321.288928363494,0.5,1.0
,WLD,,,1000.0,1000000000.0,,,,,,,,,,,,,,,,,,,,,$ 1.91,10000000.0,12986.84109542107,0.5,1.0
,TRX,,,1000.0,1000000000.0,,,,,,,,,,,,,,,,,,,,,$ 0.2203,10000000.0,31792.770382012342,0.5,1.0
,LINK,,,1000.0,1000000000.0,,,,,,,,,,,,,,,,,,,,,$ 18.36,10000000.0,13787.684578739778,0.5,1.0
,AVAX,,,1000.0,1000000000.0,,,,,,,,,,,,,,,,,,,,,$ 33.92,10000000.0,33264.15944092577,0.5,1.0
,HBAR,,,1000.0,1000000000.0,,,,,,,,,,,,,,,,,,,,,$ 0.2648,10000000.0,22647.402413878386,0.5,1.0
,UNI,,,1000.0,1000000000.0,,,,,,,,,,,,,,,,,,,,,$ 12.58,10000000.0,43537.377340615385,0.5,1.0
,WBTC,,,1000.0,1000000000.0,,,,,,,,,,,,,,,,,,,,,"$ 91,425.7",10000000.0,39899.38519891897,0.5,1.0
,SHIB,,,1000.0,1000000000.0,,,,,,,,,,,,,,,,,,,,,$ 0.00002031,10000000.0,27292.036351510025,0.5,1.0
,ENA,,,1000.0,1000000000.0,,,,,,,,,,,,,,,,,,,,,$ 0.7861,10000000.0,42103.52055517061,0.5,1.0
,ONDO,,,1000.0,1000000000.0,,,,,,,,,,,,,,,,,,,,,$ 1.12,10000000.0,27542.543369123847,0.5,1.0
,CULT,,,1000.0,1000000000.0,,,,,,,,,,,,,,,,,,,,,,10000000.0,25175.252310033917,0.5,1.0
,DOT,,,1000.0,1000000000.0,,,,,,,,,,,,,,,,,,,,,$ 6.15,10000000.0,17958.90036477414,0.5,1.0
,APT,,,1000.0,1000000000.0,,,,,,,,,,,,,,,,,,,,,$ 8.28,10000000.0,22742.853537265997,0.5,1.0
,WBT,,,1000.0,1000000000.0,,,,,,,,,,,,,,,,,,,,,$ 26.59,10000000.0,11354.90495865139,0.5,1.0
,LEO,,,1000.0,1000000000.0,,,,,,,,,,,,,,,,,,,,,$ 9.23,10000000.0,17303.890248788626,0.5,1.0
,BCH,,,1000.0,1000000000.0,,,,,,,,,,,,,,,,,,,,,$ 415.23,10000000.0,28734.62254830202,0.5,1.0
,MOVE,,,1000.0,1000000000.0,,,,,,,,,,,,,,,,,,,,,$ 0.7951,10000000.0,47012.06753492941,0.5,1.0
,BGB,,,1000.0,1000000000.0,,,,,,,,,,,,,,,,,,,,,$ 6.41,10000000.0,45198.61848774088,0.5,1.0
,JUP,,,1000.0,1000000000.0,,,,,,,,,,,,,,,,,,,,,$ 0.7332,10000000.0,13294.998203998593,0.5,1.0
,LTC,,,1000.0,1000000000.0,,,,,,,,,,,,,,,,,,,,,$ 95.59,10000000.0,23144.989025181225,0.5,1.0
,OP,,,1000.0,1000000000.0,,,,,,,,,,,,,,,,,,,,,$ 1.63,10000000.0,32091.01279406325,0.5,1.0
,PEPE,,,1000.0,1000000000.0,,,,,,,,,,,,,,,,,,,,,$ 0.00001641,10000000.0,32844.83248620259,0.5,1.0
,ARB,,,1000.0,1000000000.0,,,,,,,,,,,,,,,,,,,,,$ 0.6762,10000000.0,11493.892848798458,0.5,1.0
,MANTLE,,,1000.0,1000000000.0,,,,,,,,,,,,,,,,,,,,,$ 1.05,10000000.0,31898.00683553772,0.5,1.0
,OM,,,1000.0,1000000000.0,,,,,,,,,,,,,,,,,,,,,$ 3.63,10000000.0,21287.080323931597,0.5,1.0
,WEETH,,,1000.0,1000000000.0,,,,,,,,,,,,,,,,,,,,,"$ 3,286.23",10000000.0,48023.75637863686,0.5,1.0
,USDE,,,1000.0,1000000000.0,,,,,,,,,,,,,,,,,,,,,$ 0.9991,10000000.0,20883.437927550687,0.5,1.0
,NEAR,,,1000.0,1000000000.0,,,,,,,,,,,,,,,,,,,,,$ 4.53,10000000.0,12374.573545715908,0.5,1.0
,GT,,,1000.0,1000000000.0,,,,,,,,,,,,,,,,,,,,,$ 17.76,10000000.0,36452.29076771197,0.5,1.0
,ICP,,,1000.0,1000000000.0,,,,,,,,,,,,,,,,,,,,,$ 9.52,10000000.0,37245.3757558606,0.5,1.0
,XT,,,1000.0,1000000000.0,,,,,,,,,,,,,,,,,,,,,$ 5.02,10000000.0,37409.11968834327,0.5,1.0
,EIGEN,,,1000.0,1000000000.0,,,,,,,,,,,,,,,,,,,,,$ 2.85,10000000.0,37382.26201582381,0.5,1.0
,TIA,,,1000.0,1000000000.0,,,,,,,,,,,,,,,,,,,,,$ 4.44,10000000.0,48243.893408940865,0.5,1.0
,POL,,,1000.0,1000000000.0,,,,,,,,,,,,,,,,,,,,,$ 0.4191,10000000.0,28259.80762073008,0.5,1.0
,MATIC,,,1000.0,1000000000.0,,,,,,,,,,,,,,,,,,,,,$ 0.4191,10000000.0,14436.542078360635,0.5,1.0
,AAVE,,,1000.0,1000000000.0,,,,,,,,,,,,,,,,,,,,,$ 261.39,10000000.0,35537.29356080901,0.5,1.0
,ZRO,,,1000.0,1000000000.0,,,,,,,,,,,,,,,,,,,,,$ 4.07,10000000.0,39047.15021642024,0.5,1.0
,STRK,,,1000.0,1000000000.0,,,,,,,,,,,,,,,,,,,,,$ 0.3939,10000000.0,11134.139474919395,0.5,1.0
,CRO,,,1000.0,1000000000.0,,,,,,,,,,,,,,,,,,,,,$ 0.1295,10000000.0,10384.902229405838,0.5,1.0
,XDC,,,1000.0,1000000000.0,,,,,,,,,,,,,,,,,,,,,$ 0.09615,10000000.0,23507.46327009998,0.5,1.0
,XMR,,,1000.0,1000000000.0,,,,,,,,,,,,,,,,,,,,,$ 192.11,10000000.0,41517.933447211544,0.5,1.0
,ETC,,,1000.0,1000000000.0,,,,,,,,,,,,,,,,,,,,,$ 23.57,10000000.0,39397.00745157186,0.5,1.0
,VET,,,1000.0,1000000000.0,,,,,,,,,,,,,,,,,,,,,$ 0.04120,10000000.0,33147.43504448926,0.5,1.0
,DAI,,,1000.0,1000000000.0,,,,,,,,,,,,,,,,,,,,,$ 1.000,10000000.0,26476.988015023122,0.5,1.0
,RNDR,,,1000.0,1000000000.0,,,,,,,,,,,,,,,,,,,,,$ 6.53,10000000.0,33881.47551574257,0.5,1.0
,VINCI,,,1000.0,1000000000.0,,,,,,,,,,,,,,,,,,,,,$ 11.41,10000000.0,48711.41998016507,0.5,1.0
,ALGO,,,1000.0,1000000000.0,,,,,,,,,,,,,,,,,,,,,$ 0.3305,10000000.0,24035.22357070665,0.5,1.0
,TAO,,,1000.0,1000000000.0,,,,,,,,,,,,,,,,,,,,,$ 401.96,10000000.0,35150.544880243615,0.5,1.0
,FET,,,1000.0,1000000000.0,,,,,,,,,,,,,,,,,,,,,$ 1.18,10000000.0,47138.212074021816,0.5,1.0
,SEI,,,1000.0,1000000000.0,,,,,,,,,,,,,,,,,,,,,$ 0.3496,10000000.0,37316.34394272619,0.5,1.0
,PYTH,,,1000.0,1000000000.0,,,,,,,,,,,,,,,,,,,,,$ 0.2978,10000000.0,17510.811563468204,0.5,1.0
,FIL,,,1000.0,1000000000.0,,,,,,,,,,,,,,,,,,,,,$ 4.75,10000000.0,12882.798733186599,0.5,1.0
,ENS,,,1000.0,1000000000.0,,,,,,,,,,,,,,,,,,,,,$ 29.10,10000000.0,18891.1691520581,0.5,1.0
,KAS,,,1000.0,1000000000.0,,,,,,,,,,,,,,,,,,,,,$ 0.1109,10000000.0,46293.716109744615,0.5,1.0
,RENDER,,,1000.0,1000000000.0,,,,,,,,,,,,,,,,,,,,,$ 6.53,10000000.0,46020.32270481678,0.5,1.0
,ATOM,,,1000.0,1000000000.0,,,,,,,,,,,,,,,,,,,,,$ 6.07,10000000.0,18834.454573661897,0.5,1.0
,WBETH,,,1000.0,1000000000.0,,,,,,,,,,,,,,,,,,,,,"$ 3,297.76",10000000.0,49001.012738718375,0.5,1.0
,PENGU,,,1000.0,1000000000.0,,,,,,,,,,,,,,,,,,,,,$ 0.02834,10000000.0,31685.012403109904,0.5,1.0
,ATH,,,1000.0,1000000000.0,,,,,,,,,,,,,,,,,,,,,$ 0.05826,10000000.0,38851.74638303371,0.5,1.0
,RAY,,,1000.0,1000000000.0,,,,,,,,,,,,,,,,,,,,,$ 4.40,10000000.0,16607.296760062152,0.5,1.0
,ME,,,1000.0,1000000000.0,,,,,,,,,,,,,,,,,,,,,$ 2.43,10000000.0,42346.37935165314,0.5,1.0
,MORPHO,,,1000.0,1000000000.0,,,,,,,,,,,,,,,,,,,,,$ 2.32,10000000.0,10341.529848277714,0.5,1.0
,VIRTUAL,,,1000.0,1000000000.0,,,,,,,,,,,,,,,,,,,,,$ 2.32,10000000.0,47122.33291803047,0.5,1.0
,JTO,,,1000.0,1000000000.0,,,,,,,,,,,,,,,,,,,,,$ 2.32,10000000.0,28980.156087485735,0.5,1.0
,FLR,,,1000.0,1000000000.0,,,,,,,,,,,,,,,,,,,,,$ 0.02240,10000000.0,11785.224315214662,0.5,1.0
,BONK,,,1000.0,1000000000.0,,,,,,,,,,,,,,,,,,,,,$ 0.00002525,10000000.0,10343.892520464015,0.5,1.0
,GRASS,,,1000.0,1000000000.0,,,,,,,,,,,,,,,,,,,,,$ 2.28,10000000.0,31456.614876342912,0.5,1.0
,IMX,,,1000.0,1000000000.0,,,,,,,,,,,,,,,,,,,,,$ 1.13,10000000.0,46043.085199444264,0.5,1.0
,W,,,1000.0,1000000000.0,,,,,,,,,,,,,,,,,,,,,$ 0.2250,10000000.0,20924.980203444586,0.5,1.0
,STX,,,1000.0,1000000000.0,,,,,,,,,,,,,,,,,,,,,$ 1.39,10000000.0,33941.40161463206,0.5,1.0
,IO,,,1000.0,1000000000.0,,,,,,,,,,,,,,,,,,,,,$ 2.68,10000000.0,28010.01301905785,0.5,1.0
,FTM,,,1000.0,1000000000.0,,,,,,,,,,,,,,,,,,,,,$ 0.6598,10000000.0,27037.877666069693,0.5,1.0
,HTX,,,1000.0,1000000000.0,,,,,,,,,,,,,,,,,,,,,,10000000.0,10378.531826642604,0.5,1.0
,ZK,,,1000.0,1000000000.0,,,,,,,,,,,,,,,,,,,,,$ 0.1637,10000000.0,39194.45528659424,0.5,1.0
,GRT,,,1000.0,1000000000.0,,,,,,,,,,,,,,,,,,,,,$ 0.1850,10000000.0,19057.782056952834,0.5,1.0
,THETA,,,1000.0,1000000000.0,,,,,,,,,,,,,,,,,,,,,$ 1.93,10000000.0,35354.865990097984,0.5,1.0
,INJ,,,1000.0,1000000000.0,,,,,,,,,,,,,,,,,,,,,$ 19.21,10000000.0,45875.86631460707,0.5,1.0
,CORE,,,1000.0,1000000000.0,,,,,,,,,,,,,,,,,,,,,$ 0.8990,10000000.0,32116.41604349862,0.5,1.0
,FTN,,,1000.0,1000000000.0,,,,,,,,,,,,,,,,,,,,,,10000000.0,43844.96217584558,0.5,1.0
,MOCA,,,1000.0,1000000000.0,,,,,,,,,,,,,,,,,,,,,,10000000.0,27455.452445369625,0.5,1.0
,FDUSD,,,1000.0,1000000000.0,,,,,,,,,,,,,,,,,,,,,,10000000.0,14122.906267568393,0.5,1.0
,RONIN,,,1000.0,1000000000.0,,,,,,,,,,,,,,,,,,,,,$ 1.73,10000000.0,14486.338811558053,0.5,1.0
,ETHFI,,,1000.0,1000000000.0,,,,,,,,,,,,,,,,,,,,,$ 1.71,10000000.0,40801.58682272537,0.5,1.0
,CRV,,,1000.0,1000000000.0,,,,,,,,,,,,,,,,,,,,,$ 0.7712,10000000.0,47697.50801159352,0.5,1.0
,ZEDXION,,,1000.0,1000000000.0,,,,,,,,,,,,,,,,,,,,,,10000000.0,24084.47741179732,0.5,1.0
,BTC,,,1000.0,1810135557234.8403,,,,,,,,,,,,,,,,,,,,,91377.08981598538,36273608030.18343,27518.598675508903,0.5,1.0
,ETH,,,1000.0,374366122029.7864,,,,,,,,,,,,,,,,,,,,,3106.952057949076,19392617025.183056,25638.405201787977,0.5,1.0
,XRP,,,1000.0,138020000903.2801,,,,,,,,,,,,,,,,,,,,,2.4006350642545566,6632053332.7831,33906.00065891376,0.5,1.0
,USDT,,,1000.0,137301376489.33096,,,,,,,,,,,,,,,,,,,,,0.9989207511936957,83566853373.06883,23147.6616918489,0.5,1.0
,BNB,,,1000.0,95676716079.7204,,,,,,,,,,,,,,,,,,,,,664.3932238057049,1563849115.0279768,42113.23737230181,0.5,1.0
,SOL,,,1000.0,85839361386.9789,,,,,,,,,,,,,,,,,,,,,177.19931779795522,2715582274.8672004,30904.056915851466,0.5,1.0
,DOGE,,,1000.0,47124942726.507256,,,,,,,,,,,,,,,,,,,,,0.3192633100003177,2139920328.1176176,25439.03061382199,0.5,1.0
,USDC,,,1000.0,45800349256.83991,,,,,,,,,,,,,,,,,,,,,0.9998497244648952,5521368894.261345,13273.381285865531,0.5,1.0
,ADA,,,1000.0,31957542380.05744,,,,,,,,,,,,,,,,,,,,,0.908963823527393,940916539.3804512,24036.62700342971,0.5,1.0
,TRX,,,1000.0,18938855801.18141,,,,,,,,,,,,,,,,,,,,,0.21977520851557328,816335659.1766994,35647.07645697181,0.5,1.0
,AVAX,,,1000.0,13896494858.001371,,,,,,,,,,,,,,,,,,,,,33.82824321487238,371692919.2993792,45167.608099239675,0.5,1.0
,SUI,,,1000.0,13261310171.042654,,,,,,,,,,,,,,,,,,,,,4.4063813343751566,1457870954.060434,15004.180043727752,0.5,1.0
,TON,,,1000.0,12857562771.744837,,,,,,,,,,,,,,,,,,,,,5.061865132497039,203822420.0891621,47071.89787922387,0.5,1.0
,XLM,,,1000.0,12222961958.607098,,,,,,,,,,,,,,,,,,,,,0.4020923166316143,534601088.0866288,48679.53816831155,0.5,1.0
,SHIB,,,1000.0,11934451200.510605,,,,,,,,,,,,,,,,,,,,,2.0253448556357928e-05,442499199.3064339,19177.559887727955,0.5,1.0
,LINK,,,1000.0,11691889317.28749,,,,,,,,,,,,,,,,,,,,,18.322974233945022,550029443.1933137,49449.24548000057,0.5,1.0
,HBAR,,,1000.0,10094747238.79882,,,,,,,,,,,,,,,,,,,,,0.2638689394949177,461160254.099986,16455.321856018367,0.5,1.0
,DOT,,,1000.0,9438763723.236109,,,,,,,,,,,,,,,,,,,,,6.136615932565018,263399839.00683385,42224.444177070705,0.5,1.0
,LEO,,,1000.0,8465322354.0756035,,,,,,,,,,,,,,,,,,,,,9.158171839116498,729570.02703419,35196.58309511225,0.5,1.0
,BCH,,,1000.0,8209270250.754659,,,,,,,,,,,,,,,,,,,,,414.2930040271451,421502899.4972485,36629.998002299355,0.5,1.0
,BGB,,,1000.0,7665639124.32908,,,,,,,,,,,,,,,,,,,,,6.3880326036075665,651155919.7138842,24231.786364913212,0.5,1.0
,UNI,,,1000.0,7531718148.296391,,,,,,,,,,,,,,,,,,,,,12.542034835485794,244846828.0485857,22454.591405431467,0.5,1.0
,LTC,,,1000.0,7191221101.681668,,,,,,,,,,,,,,,,,,,,,95.35725200547249,495166077.961118,22002.457955916994,0.5,1.0
,PEPE,,,1000.0,6882357664.63514,,,,,,,,,,,,,,,,,,,,,1.6359693124639373e-05,992774585.193334,34551.97534777933,0.5,1.0
,HYPE,,,1000.0,6420259042.608931,,,,,,,,,,,,,,,,,,,,,19.22646672889042,164119062.91365674,27943.279397040835,0.5,1.0
,USDe,,,1000.0,5782374548.997042,,,,,,,,,,,,,,,,,,,,,0.9989459703998196,80210908.97006515,37126.62445053697,0.5,1.0
,DAI,,,1000.0,5365370900.91694,,,,,,,,,,,,,,,,,,,,,0.9999978003902822,78109844.79131281,20780.077995108666,0.5,1.0
,NEAR,,,1000.0,5314322075.959653,,,,,,,,,,,,,,,,,,,,,4.524763878374697,259873854.77883804,26171.29565485708,0.5,1.0
,APT,,,1000.0,4720433194.417491,,,,,,,,,,,,,,,,,,,,,8.266891614225306,278528586.55899364,18404.29794854051,0.5,1.0
,ICP,,,1000.0,4551168329.128709,,,,,,,,,,,,,,,,,,,,,9.494414291258357,165096183.62741718,35013.196294396526,0.5,1.0
,AAVE,,,1000.0,3918429475.85369,,,,,,,,,,,,,,,,,,,,,260.46524738495873,389635724.1665491,20422.541231196334,0.5,1.0
,XMR,,,1000.0,3542505743.8437653,,,,,,,,,,,,,,,,,,,,,192.0396211758894,65015678.4542556,31954.511444911357,0.5,1.0
,MNT,,,1000.0,3537687119.1012216,,,,,,,,,,,,,,,,,,,,,1.0514141008309132,101202994.64304772,28703.888521773635,0.5,1.0
,ETC,,,1000.0,3530780299.8594694,,,,,,,,,,,,,,,,,,,,,23.486393684792727,194379877.85212165,33835.88994160651,0.5,1.0
,POL,,,1000.0,3516964528.345464,,,,,,,,,,,,,,,,,,,,,0.4179663550283343,145367448.0210513,38373.256098314974,0.5,1.0
,OM,,,1000.0,3471091329.6309147,,,,,,,,,,,,,,,,,,,,,3.6148786093663343,51370607.40984411,19983.812079345167,0.5,1.0
,CRO,,,1000.0,3431831350.566126,,,,,,,,,,,,,,,,,,,,,0.12915430109014045,23745269.24698366,22864.062058736366,0.5,1.0
,RENDER,,,1000.0,3373759648.3319564,,,,,,,,,,,,,,,,,,,,,6.5168523530485905,306920730.6661365,48445.98021743865,0.5,1.0
,VET,,,1000.0,3322084928.720823,,,,,,,,,,,,,,,,,,,,,0.041020969804289056,77114756.24071075,14888.520217849116,0.5,1.0
,TAO,,,1000.0,3272925286.582889,,,,,,,,,,,,,,,,,,,,,401.79579524948053,233310365.0563977,47056.018009070845,0.5,1.0
,FIL,,,1000.0,2942673847.227176,,,,,,,,,,,,,,,,,,,,,4.738027136310925,205320929.0588668,31055.913323227043,0.5,1.0
,FET,,,1000.0,2868359239.3428984,,,,,,,,,,,,,,,,,,,,,1.1783299643942837,286859710.0148881,48875.0041401969,0.5,1.0
,ARB,,,1000.0,2838079245.9953585,,,,,,,,,,,,,,,,,,,,,0.67411015848673,308565294.97860295,11216.58935143078,0.5,1.0
,KAS,,,1000.0,2825920224.9021,,,,,,,,,,,,,,,,,,,,,0.11064670667015891,82459724.9594792,19038.210403069657,0.5,1.0
,ALGO,,,1000.0,2758767208.0346656,,,,,,,,,,,,,,,,,,,,,0.3297333005454422,194466522.57710308,21144.960607570356,0.5,1.0
,OKB,,,1000.0,2720853121.0687466,,,,,,,,,,,,,,,,,,,,,45.34755201781244,3102560.643972,47358.88247821035,0.5,1.0
,ENA,,,1000.0,2380027415.4054794,,,,,,,,,,,,,,,,,,,,,0.7847591683974791,520796547.8882748,34850.9723665592,0.5,1.0
,ATOM,,,1000.0,2369680348.689877,,,,,,,,,,,,,,,,,,,,,6.0615835719759055,187949522.39435723,46547.09273584985,0.5,1.0
,OP,,,1000.0,2198233268.032094,,,,,,,,,,,,,,,,,,,,,1.6262501386111605,182128641.9426726,49514.07428074841,0.5,1.0
,TIA,,,1000.0,2161414026.559192,,,,,,,,,,,,,,,,,,,,,4.431535414930659,181759720.07332024,10957.06472977357,0.5,1.0
,STX,,,1000.0,2087773039.8907995,,,,,,,,,,,,,,,,,,,,,1.3838122296434485,105801031.12289745,24505.444881376774,0.5,1.0
,IMX,,,1000.0,1934736590.5567243,,,,,,,,,,,,,,,,,,,,,1.1253158883448249,55308738.56608646,13990.556677081246,0.5,1.0
,THETA,,,1000.0,1928398286.5101368,,,,,,,,,,,,,,,,,,,,,1.9283982865101366,39992811.87276701,26977.632894367747,0.5,1.0
,BONK,,,1000.0,1922656273.061586,,,,,,,,,,,,,,,,,,,,,2.5195916605871206e-05,151577888.84096143,23108.115991678093,0.5,1.0
,S,,,1000.0,1908874564.0354135,,,,,,,,,,,,,,,,,,,,,0.662803668067852,6191758.15318921,38524.502258588574,0.5,1.0
,INJ,,,1000.0,1895781273.2430184,,,,,,,,,,,,,,,,,,,,,19.154929327377754,106714205.281762,27465.223193481102,0.5,1.0
,MOVE,,,1000.0,1784068346.8578465,,,,,,,,,,,,,,,,,,,,,0.7929192652701539,138826030.79106772,24378.69088143829,0.5,1.0
,PENGU,,,1000.0,1778819846.9502487,,,,,,,,,,,,,,,,,,,,,0.02829794206836212,329307560.8933277,10942.315712897676,0.5,1.0
,FDUSD,,,1000.0,1774564491.7616105,,,,,,,,,,,,,,,,,,,,,0.998555027268121,5332696748.393228,41762.79834150995,0.5,1.0
,GRT,,,1000.0,1764813027.2157297,,,,,,,,,,,,,,,,,,,,,0.18482559601146162,65241587.81239136,41596.471409184014,0.5,1.0
,WLD,,,1000.0,1701218874.5195794,,,,,,,,,,,,,,,,,,,,,1.9069325603333473,347929609.4776452,40769.359244035484,0.5,1.0
,GT,,,1000.0,1567345592.1095202,,,,,,,,,,,,,,,,,,,,,17.66627449083035,16172052.42599866,21947.572375815154,0.5,1.0
,ONDO,,,1000.0,1545378291.5120306,,,,,,,,,,,,,,,,,,,,,1.1119750684435203,158377523.68051875,36493.23110081685,0.5,1.0
,VIRTUAL,,,1000.0,1498045499.8982675,,,,,,,,,,,,,,,,,,,,,2.3223687805526887,272506145.6848194,30152.265735141933,0.5,1.0
,SEI,,,1000.0,1464787886.569198,,,,,,,,,,,,,,,,,,,,,0.34811436444572436,154025739.19319522,41686.47892464684,0.5,1.0
,XDC,,,1000.0,1432489051.573531,,,,,,,,,,,,,,,,,,,,,0.09592826540167694,42488519.10388863,26792.82450029883,0.5,1.0
,FLOKI,,,1000.0,1423774392.6444428,,,,,,,,,,,,,,,,,,,,,0.00014827158580836628,167566356.00878927,12255.150592974884,0.5,1.0
,WIF,,,1000.0,1420361460.8933277,,,,,,,,,,,,,,,,,,,,,1.4220085743429864,286346197.7525649,26233.56611444262,0.5,1.0
,JASMY,,,1000.0,1393726853.824087,,,,,,,,,,,,,,,,,,,,,0.028215950256767968,101185166.49138072,32655.20495544562,0.5,1.0
,KCS,,,1000.0,1309215702.9693632,,,,,,,,,,,,,,,,,,,,,10.673057163793201,1743951.14772685,37470.29424703955,0.5,1.0
,LDO,,,1000.0,1292515989.2119665,,,,,,,,,,,,,,,,,,,,,1.4424645635860587,111910448.7296006,43883.51233380682,0.5,1.0
,SAND,,,1000.0,1289037821.3984468,,,,,,,,,,,,,,,,,,,,,0.5270290760559943,182506383.2073537,26990.19115780851,0.5,1.0
,RAY,,,1000.0,1274489553.0167117,,,,,,,,,,,,,,,,,,,,,4.381366090118519,92268183.29444158,22812.477157102127,0.5,1.0
,FLR,,,1000.0,1271049036.3804076,,,,,,,,,,,,,,,,,,,,,0.022356142851986914,12693178.9170361,39403.67759140581,0.5,1.0
,XTZ,,,1000.0,1212877603.6879082,,,,,,,,,,,,,,,,,,,,,1.1840427979847419,65696109.08565547,44438.185193288315,0.5,1.0
,DEXE,,,1000.0,1201931153.861021,,,,,,,,,,,,,,,,,,,,,14.354289471682803,13545280.72049353,34154.42151524768,0.5,1.0
,QNT,,,1000.0,1182720219.6824312,,,,,,,,,,,,,,,,,,,,,97.96619620855114,22294362.17518533,40977.89112514375,0.5,1.0
,MKR,,,1000.0,1179655124.7237904,,,,,,,,,,,,,,,,,,,,,1323.2404343828703,124912259.91079348,29472.331903925442,0.5,1.0
,GALA,,,1000.0,1155848441.5331323,,,,,,,,,,,,,,,,,,,,,0.031460059346868456,188067066.5140784,18731.145649301725,0.5,1.0
,KAIA,,,1000.0,1144040513.3005202,,,,,,,,,,,,,,,,,,,,,0.19330848162082892,35271283.29489566,25034.50019055592,0.5,1.0
,AI16Z,,,1000.0,1136082004.3780818,,,,,,,,,,,,,,,,,,,,,1.0328024652548655,371914501.9907964,12303.942628273488,0.5,1.0
,EOS,,,1000.0,1129316203.5483994,,,,,,,,,,,,,,,,,,,,,0.7334083844892384,147387435.3651043,34484.780393555804,0.5,1.0
,RUNE,,,1000.0,1079213406.2118373,,,,,,,,,,,,,,,,,,,,,3.105952310150505,246748182.80521068,28651.406802054586,0.5,1.0
,PYTH,,,1000.0,1076500488.2670848,,,,,,,,,,,,,,,,,,,,,0.2969665705710255,76007716.90635991,43543.12915925876,0.5,1.0
,IOTA,,,1000.0,1071910751.6902736,,,,,,,,,,,,,,,,,,,,,0.29832295139018195,93216044.10078244,22007.6443163984,0.5,1.0
,BRETT,,,1000.0,1068096413.8154492,,,,,,,,,,,,,,,,,,,,,0.10777708737143088,33842631.35694597,13731.419094122548,0.5,1.0
,BTT,,,1000.0,1061023204.0754752,,,,,,,,,,,,,,,,,,,,,1.0760217170725145e-06,31165743.77147974,45754.79757734283,0.5,1.0
,BSV,,,1000.0,1052409226.5363108,,,,,,,,,,,,,,,,,,,,,53.12359154208616,89137721.51247072,25252.602991469917,0.5,1.0
,FLOW,,,1000.0,1042939257.1541214,,,,,,,,,,,,,,,,,,,,,0.6700992780616895,69557851.06730103,13263.748135697244,0.5,1.0
,ENS,,,1000.0,1026567691.3668784,,,,,,,,,,,,,,,,,,,,,29.031849706226147,126363590.12118404,12994.020478176357,0.5,1.0
,BEAM,,,1000.0,1012870959.6871957,,,,,,,,,,,,,,,,,,,,,0.020476102258981953,25779070.21241499,22143.971489913958,0.5,1.0
,JUP,,,1000.0,987797805.051576,,,,,,,,,,,,,,,,,,,,,0.7317020778159823,64591005.28162491,15880.636256281316,0.5,1.0
,CRV,,,1000.0,972503396.3762068,,,,,,,,,,,,,,,,,,,,,0.7679563350572539,198488568.16842827,36769.76807216811,0.5,1.0
,NEO,,,1000.0,966482952.0164344,,,,,,,,,,,,,,,,,,,,,13.701431372125153,63708964.85372912,24493.09135310132,0.5,1.0
,STRK,,,1000.0,949698499.697502,,,,,,,,,,,,,,,,,,,,,0.3925813918548263,77207566.75795478,47066.81723254614,0.5,1.0
,AIOZ,,,1000.0,942847951.2536738,,,,,,,,,,,,,,,,,,,,,0.8198343266609983,33999304.31632689,47898.44604007561,0.5,1.0
,AR,,,1000.0,937273495.095294,,,,,,,,,,,,,,,,,,,,,14.276287734497194,53316312.06727236,24346.586212216447,0.5,1.0
,AXS,,,1000.0,909155314.3960164,,,,,,,,,,,,,,,,,,,,,5.768305911616921,66710004.91265758,40472.43169330606,0.5,1.0
,MANA,,,1000.0,876763796.8637533,,,,,,,,,,,,,,,,,,,,,0.45141534646701764,75738056.69268228,36217.74045820842,0.5,1.0
,DYDX,,,1000.0,848791706.5668366,,,,,,,,,,,,,,,,,,,,,1.1764697293768909,33870329.59364288,22188.785969458157,0.5,1.0
